{
    "styles": {
        "Regular-No-IF_OWN_ICON_EXISTS": {
            "nodes": {
                "_fun_compression_depth": [
                    0.0,
                    0.0
                ],
                "_fun_concrete_strength": [
                    4.625495910644531,
                    46.03229421461651
                ],
                "_fun_moment_arm": [
                    16.629150390625,
                    92.06458842923303
                ],
                "_fun_section_width": [
                    15.462783813476562,
                    138.09688264384957
                ],
                "_fun_total_rebar_area": [
                    9.0377197265625,
                    184.1291768584661
                ],
                "_fun_compression_depth/_extrar-compression_depth": [
                    201.3926620555674,
                    3.088424939339517
                ],
                "_fun_concrete_strength/_extrar-concrete_strength": [
                    201.3926620555674,
                    49.12071915395603
                ],
                "_fun_moment_arm/_extrar-moment_arm": [
                    201.3926620555674,
                    95.15301336857254
                ],
                "_fun_section_width/_extrar-section_width": [
                    201.3926620555674,
                    141.1853075831891
                ],
                "_fun_total_rebar_area/_extrar-total_rebar_area": [
                    201.3926620555674,
                    187.21760179780563
                ],
                "_res_concrete_carbon": [
                    161.05507406080795,
                    227.0730461337431
                ],
                "_res_concrete_carbon/_extraf-concrete_carbon": [
                    48.81544749182975,
                    230.16147107308262
                ]
            },
            "edges": {
                "_fun_compression_depth/_extrar-compression_depth-edge-0": [
                    [
                        106.42029826087273,
                        10.465544385140298
                    ],
                    [
                        116.42029826087273,
                        10.465544385140298
                    ],
                    [
                        153.90648015822006,
                        10.465544385140298
                    ],
                    [
                        153.90648015822006,
                        10.480729169075845
                    ],
                    [
                        191.3926620555674,
                        10.480729169075845
                    ],
                    [
                        201.3926620555674,
                        10.480729169075845
                    ]
                ],
                "_fun_concrete_strength/_extrar-concrete_strength-edge-0": [
                    [
                        102.1352564517907,
                        56.49783859975681
                    ],
                    [
                        112.1352564517907,
                        56.49783859975681
                    ],
                    [
                        151.76395925367905,
                        56.49783859975681
                    ],
                    [
                        151.76395925367905,
                        56.51302338369236
                    ],
                    [
                        191.3926620555674,
                        56.51302338369236
                    ],
                    [
                        201.3926620555674,
                        56.51302338369236
                    ]
                ],
                "_fun_moment_arm/_extrar-moment_arm-edge-0": [
                    [
                        90.46650187415398,
                        102.53013281437332
                    ],
                    [
                        100.46650187415398,
                        102.53013281437332
                    ],
                    [
                        145.9295819648607,
                        102.53013281437332
                    ],
                    [
                        145.9295819648607,
                        102.54531759830887
                    ],
                    [
                        191.3926620555674,
                        102.54531759830887
                    ],
                    [
                        201.3926620555674,
                        102.54531759830887
                    ]
                ],
                "_fun_section_width/_extrar-section_width-edge-0": [
                    [
                        93.0101114932946,
                        148.56242702898987
                    ],
                    [
                        103.0101114932946,
                        148.56242702898987
                    ],
                    [
                        103.3926620555674,
                        148.56242702898987
                    ],
                    [
                        103.3926620555674,
                        148.56242702898987
                    ],
                    [
                        191.3926620555674,
                        148.56242702898987
                    ],
                    [
                        201.3926620555674,
                        148.57761181292543
                    ]
                ],
                "_fun_total_rebar_area/_extrar-total_rebar_area-edge-0": [
                    [
                        98.38546244544304,
                        194.59472124360641
                    ],
                    [
                        108.38546244544304,
                        194.59472124360641
                    ],
                    [
                        149.88906225050522,
                        194.59472124360641
                    ],
                    [
                        149.88906225050522,
                        194.60990602754197
                    ],
                    [
                        191.3926620555674,
                        194.60990602754197
                    ],
                    [
                        201.3926620555674,
                        194.60990602754197
                    ]
                ],
                "_res_concrete_carbon/_extraf-concrete_carbon-edge-0": [
                    [
                        62.145434064095376,
                        237.55377530281896
                    ],
                    [
                        72.14543406409538,
                        237.55377530281896
                    ],
                    [
                        73.81649780996193,
                        237.55377530281896
                    ],
                    [
                        73.81649780996193,
                        237.55377530281896
                    ],
                    [
                        153.81649780996193,
                        237.55377530281896
                    ],
                    [
                        163.81649780996193,
                        237.5385905188834
                    ]
                ]
            }
        }
    }
}