{
    "styles": {
        "Regular-No-IF_OWN_ICON_EXISTS": {
            "nodes": {
                "_fun_compression_depth": [
                    0.0,
                    0.0
                ],
                "_fun_concrete_strength": [
                    4.625495910644531,
                    46.03229421461651
                ],
                "_fun_moment_arm": [
                    16.629150390625,
                    92.06458842923303
                ],
                "_fun_section_width": [
                    15.462783813476562,
                    138.09688264384957
                ],
                "_fun_total_rebar_area": [
                    9.0377197265625,
                    184.1291768584661
                ],
                "_fun_compression_depth/_extrar-compression_depth": [
                    201.3926620555674,
                    3.088424939339517
                ],
                "_fun_concrete_strength/_extrar-concrete_strength": [
                    201.3926620555674,
                    49.12071915395603
                ],
                "_fun_moment_arm/_extrar-moment_arm": [
                    201.3926620555674,
                    95.15301336857254
                ],
                "_fun_section_width/_extrar-section_width": [
                    201.3926620555674,
                    141.1853075831891
                ],
                "_fun_total_rebar_area/_extrar-total_rebar_area": [
                    201.3926620555674,
                    187.21760179780563
                ],
                "_res_concrete_carbon": [
                    161.05507406080795,
                    227.0730461337431
                ],
                "_res_concrete_carbon/_extraf-concrete_carbon": [
                    48.81544749182975,
                    230.16147107308262
                ]
            },
            "edges": {
                "_fun_compression_depth/_extrar-compression_depth-edge-0": [
                    [
                        113.29365031165398,
                        10.516147107308264
                    ],
                    [
                        123.29365031165398,
                        10.516147107308264
                    ],
                    [
                        157.3431561836107,
                        10.516147107308264
                    ],
                    [
                        157.3431561836107,
                        10.516147107308267
                    ],
                    [
                        191.3926620555674,
                        10.516147107308267
                    ],
                    [
                        201.3926620555674,
                        10.516147107308267
                    ]
                ],
                "_fun_concrete_strength/_extrar-concrete_strength-edge-0": [
                    [
                        108.66815440100945,
                        56.54844132192477
                    ],
                    [
                        118.66815440100945,
                        56.54844132192477
                    ],
                    [
                        119.3926620555674,
                        56.54844132192477
                    ],
                    [
                        119.3926620555674,
                        56.54844132192477
                    ],
                    [
                        191.3926620555674,
                        56.54844132192477
                    ],
                    [
                        201.3926620555674,
                        56.548441321924784
                    ]
                ],
                "_fun_moment_arm/_extrar-moment_arm-edge-0": [
                    [
                        96.66449992102898,
                        102.58073553654128
                    ],
                    [
                        106.66449992102898,
                        102.58073553654128
                    ],
                    [
                        149.0285809882982,
                        102.58073553654128
                    ],
                    [
                        149.0285809882982,
                        102.5807355365413
                    ],
                    [
                        191.3926620555674,
                        102.5807355365413
                    ],
                    [
                        201.3926620555674,
                        102.5807355365413
                    ]
                ],
                "_fun_section_width/_extrar-section_width-edge-0": [
                    [
                        97.83086649817741,
                        148.61302975115785
                    ],
                    [
                        107.83086649817741,
                        148.61302975115785
                    ],
                    [
                        149.6117642768724,
                        148.61302975115785
                    ],
                    [
                        149.6117642768724,
                        148.61302975115782
                    ],
                    [
                        191.3926620555674,
                        148.61302975115782
                    ],
                    [
                        201.3926620555674,
                        148.61302975115782
                    ]
                ],
                "_fun_total_rebar_area/_extrar-total_rebar_area-edge-0": [
                    [
                        104.25593058509148,
                        194.6453239657744
                    ],
                    [
                        114.25593058509148,
                        194.6453239657744
                    ],
                    [
                        152.82429632032944,
                        194.6453239657744
                    ],
                    [
                        152.82429632032944,
                        194.64532396577437
                    ],
                    [
                        191.3926620555674,
                        194.64532396577437
                    ],
                    [
                        201.3926620555674,
                        194.64532396577437
                    ]
                ],
                "_res_concrete_carbon/_extraf-concrete_carbon-edge-0": [
                    [
                        67.2396265689782,
                        237.58919324105136
                    ],
                    [
                        77.2396265689782,
                        237.58919324105136
                    ],
                    [
                        115.52806218947006,
                        237.58919324105136
                    ],
                    [
                        115.52806218947006,
                        237.5891932410514
                    ],
                    [
                        153.81649780996193,
                        237.5891932410514
                    ],
                    [
                        163.81649780996193,
                        237.5891932410514
                    ]
                ]
            }
        }
    }
}