{
    "styles": {
        "Regular-No-IF_OWN_ICON_EXISTS": {
            "nodes": {
                "_fun_compression_depth": [
                    0.0,
                    0.0
                ],
                "_fun_concrete_strength": [
                    4.625495910644531,
                    46.03229421461652
                ],
                "_fun_moment_arm": [
                    16.629150390625,
                    92.06458842923305
                ],
                "_fun_section_width": [
                    15.462783813476562,
                    138.0968826438496
                ],
                "_fun_total_rebar_area": [
                    9.0377197265625,
                    184.1291768584661
                ],
                "_fun_compression_depth/_extrar-compression_depth": [
                    161.05507406080795,
                    3.088424939339501
                ],
                "_fun_concrete_strength/_extrar-concrete_strength": [
                    161.05507406080795,
                    49.12071915395602
                ],
                "_fun_moment_arm/_extrar-moment_arm": [
                    161.05507406080795,
                    95.15301336857256
                ],
                "_fun_section_width/_extrar-section_width": [
                    161.05507406080795,
                    141.18530758318911
                ],
                "_fun_total_rebar_area/_extrar-total_rebar_area": [
                    161.05507406080795,
                    187.21760179780563
                ]
            },
            "edges": {
                "_fun_compression_depth/_extrar-compression_depth-edge-0": [
                    [
                        113.29365031165398,
                        10.516147107308264
                    ],
                    [
                        123.29365031165398,
                        10.516147107308264
                    ],
                    [
                        137.17436218623095,
                        10.516147107308264
                    ],
                    [
                        137.17436218623095,
                        10.516147107308251
                    ],
                    [
                        151.05507406080795,
                        10.516147107308251
                    ],
                    [
                        161.05507406080795,
                        10.516147107308251
                    ]
                ],
                "_fun_concrete_strength/_extrar-concrete_strength-edge-0": [
                    [
                        108.66815440100945,
                        56.548441321924784
                    ],
                    [
                        118.66815440100945,
                        56.548441321924784
                    ],
                    [
                        119.05507406080795,
                        56.548441321924784
                    ],
                    [
                        119.05507406080795,
                        56.548441321924784
                    ],
                    [
                        151.05507406080795,
                        56.548441321924784
                    ],
                    [
                        161.05507406080795,
                        56.54844132192477
                    ]
                ],
                "_fun_moment_arm/_extrar-moment_arm-edge-0": [
                    [
                        96.66449992102898,
                        102.58073553654131
                    ],
                    [
                        106.66449992102898,
                        102.58073553654131
                    ],
                    [
                        128.85978699091845,
                        102.58073553654131
                    ],
                    [
                        128.85978699091845,
                        102.58073553654131
                    ],
                    [
                        151.05507406080795,
                        102.58073553654131
                    ],
                    [
                        161.05507406080795,
                        102.58073553654131
                    ]
                ],
                "_fun_section_width/_extrar-section_width-edge-0": [
                    [
                        97.83086649817741,
                        148.61302975115788
                    ],
                    [
                        107.83086649817741,
                        148.61302975115788
                    ],
                    [
                        129.44297027949267,
                        148.61302975115788
                    ],
                    [
                        129.44297027949267,
                        148.61302975115785
                    ],
                    [
                        151.05507406080795,
                        148.61302975115785
                    ],
                    [
                        161.05507406080795,
                        148.61302975115785
                    ]
                ],
                "_fun_total_rebar_area/_extrar-total_rebar_area-edge-0": [
                    [
                        104.25593058509148,
                        194.6453239657744
                    ],
                    [
                        114.25593058509148,
                        194.6453239657744
                    ],
                    [
                        132.6555023229497,
                        194.6453239657744
                    ],
                    [
                        132.6555023229497,
                        194.64532396577437
                    ],
                    [
                        151.05507406080795,
                        194.64532396577437
                    ],
                    [
                        161.05507406080795,
                        194.64532396577437
                    ]
                ]
            }
        }
    }
}