{
    "styles": {
        "Regular-No-IF_OWN_ICON_EXISTS": {
            "nodes": {
                "_fun_moment_arm": [
                    10.736244201660156,
                    0.0
                ],
                "_fun_moment_demand": [
                    0.0,
                    45.931088770280596
                ],
                "_fun_section_width": [
                    8.881256103515625,
                    91.86217754056119
                ],
                "_res_rebar_carbon": [
                    143.07126363600324,
                    134.72002615543784
                ],
                "_fun_moment_arm/_extrar-moment_arm": [
                    174.3216247630869,
                    3.073240155403968
                ],
                "_fun_moment_demand/_extrar-moment_demand": [
                    174.3216247630869,
                    49.004328925684575
                ],
                "_fun_section_width/_extrar-section_width": [
                    174.3216247630869,
                    94.93541769596516
                ],
                "_res_rebar_carbon/_extraf-rebar_carbon": [
                    42.37063853186881,
                    137.7932663108418
                ]
            },
            "edges": {
                "_fun_moment_arm/_extrar-moment_arm-edge-0": [
                    [
                        84.57359568518913,
                        10.465544385140298
                    ],
                    [
                        94.57359568518913,
                        10.465544385140298
                    ],
                    [
                        92.3216247630869,
                        10.465544385140298
                    ],
                    [
                        92.3216247630869,
                        10.465544385140298
                    ],
                    [
                        164.3216247630869,
                        10.465544385140298
                    ],
                    [
                        174.3216247630869,
                        10.465544385140296
                    ]
                ],
                "_fun_moment_demand/_extrar-moment_demand-edge-0": [
                    [
                        95.30983988684929,
                        56.39663315542089
                    ],
                    [
                        105.30983988684929,
                        56.39663315542089
                    ],
                    [
                        134.8157323249681,
                        56.39663315542089
                    ],
                    [
                        134.8157323249681,
                        56.3966331554209
                    ],
                    [
                        164.3216247630869,
                        56.3966331554209
                    ],
                    [
                        174.3216247630869,
                        56.3966331554209
                    ]
                ],
                "_fun_section_width/_extrar-section_width-edge-0": [
                    [
                        86.42858378333366,
                        102.32772192570148
                    ],
                    [
                        96.42858378333366,
                        102.32772192570148
                    ],
                    [
                        130.3751042732103,
                        102.32772192570148
                    ],
                    [
                        130.3751042732103,
                        102.32772192570148
                    ],
                    [
                        164.3216247630869,
                        102.32772192570148
                    ],
                    [
                        174.3216247630869,
                        102.32772192570148
                    ]
                ],
                "_res_rebar_carbon/_extraf-rebar_carbon-edge-0": [
                    [
                        55.70062510413444,
                        145.18557054057814
                    ],
                    [
                        65.70062510413445,
                        145.18557054057814
                    ],
                    [
                        100.76665624464583,
                        145.18557054057814
                    ],
                    [
                        100.76665624464583,
                        145.18557054057814
                    ],
                    [
                        135.83268738515721,
                        145.18557054057814
                    ],
                    [
                        145.83268738515721,
                        145.18557054057814
                    ]
                ]
            }
        }
    }
}