{
    "styles": {
        "Regular-No-IF_OWN_ICON_EXISTS": {
            "nodes": {
                "_fun_moment_arm": [
                    10.736244201660156,
                    0.0
                ],
                "_fun_moment_demand": [
                    0.0,
                    45.93108877028058
                ],
                "_fun_section_width": [
                    8.881256103515625,
                    91.86217754056119
                ],
                "_res_rebar_carbon": [
                    143.07126363600324,
                    88.78893738515721
                ],
                "_fun_moment_arm/_extrar-moment_arm": [
                    174.3216247630869,
                    3.073240155403968
                ],
                "_fun_moment_demand/_extrar-moment_demand": [
                    174.3216247630869,
                    49.00432892568456
                ],
                "_fun_section_width/_extrar-section_width": [
                    174.3216247630869,
                    94.93541769596516
                ],
                "_res_rebar_carbon/_extraf-rebar_carbon": [
                    42.37063853186881,
                    91.86217754056118
                ],
                "_fun_rebar_total_area": [
                    0.04581451416015625,
                    131.64678600003384
                ],
                "_fun_rebar_total_area/_extrar-rebar_total_area": [
                    174.3216247630869,
                    134.7200261554378
                ],
                "_fun_total_rebar_area": [
                    0.04581451416015625,
                    131.64678600003384
                ],
                "_fun_total_rebar_area/_extrar-total_rebar_area": [
                    174.3216247630869,
                    134.7200261554378
                ]
            },
            "edges": {
                "_fun_moment_arm/_extrar-moment_arm-edge-0": [
                    [
                        84.57359568518913,
                        10.465544385140298
                    ],
                    [
                        94.57359568518913,
                        10.465544385140298
                    ],
                    [
                        92.3216247630869,
                        10.465544385140298
                    ],
                    [
                        92.3216247630869,
                        10.465544385140298
                    ],
                    [
                        164.3216247630869,
                        10.465544385140298
                    ],
                    [
                        174.3216247630869,
                        10.465544385140296
                    ]
                ],
                "_fun_moment_demand/_extrar-moment_demand-edge-0": [
                    [
                        95.30983988684929,
                        56.39663315542088
                    ],
                    [
                        105.30983988684929,
                        56.39663315542088
                    ],
                    [
                        134.8157323249681,
                        56.39663315542088
                    ],
                    [
                        134.8157323249681,
                        56.396633155420886
                    ],
                    [
                        164.3216247630869,
                        56.396633155420886
                    ],
                    [
                        174.3216247630869,
                        56.396633155420886
                    ]
                ],
                "_fun_section_width/_extrar-section_width-edge-0": [
                    [
                        86.42858378333366,
                        102.32772192570148
                    ],
                    [
                        96.42858378333366,
                        102.32772192570148
                    ],
                    [
                        130.3751042732103,
                        102.32772192570148
                    ],
                    [
                        130.3751042732103,
                        102.32772192570148
                    ],
                    [
                        164.3216247630869,
                        102.32772192570148
                    ],
                    [
                        174.3216247630869,
                        102.32772192570148
                    ]
                ],
                "_res_rebar_carbon/_extraf-rebar_carbon-edge-0": [
                    [
                        55.70062510413444,
                        99.2544817702975
                    ],
                    [
                        65.70062510413445,
                        99.2544817702975
                    ],
                    [
                        100.76665624464583,
                        99.2544817702975
                    ],
                    [
                        100.76665624464583,
                        99.2544817702975
                    ],
                    [
                        135.83268738515721,
                        99.2544817702975
                    ],
                    [
                        145.83268738515721,
                        99.2544817702975
                    ]
                ],
                "_fun_rebar_total_area/_extrar-rebar_total_area-edge-0": [
                    [
                        95.26402537268913,
                        142.11233038517415
                    ],
                    [
                        105.26402537268913,
                        142.11233038517415
                    ],
                    [
                        134.79282506788803,
                        142.11233038517415
                    ],
                    [
                        134.79282506788803,
                        142.11233038517415
                    ],
                    [
                        164.3216247630869,
                        142.11233038517415
                    ],
                    [
                        174.3216247630869,
                        142.11233038517415
                    ]
                ],
                "_fun_total_rebar_area/_extrar-total_rebar_area-edge-0": [
                    [
                        95.26402537268913,
                        142.11233038517415
                    ],
                    [
                        105.26402537268913,
                        142.11233038517415
                    ],
                    [
                        134.79282506788803,
                        142.11233038517415
                    ],
                    [
                        134.79282506788803,
                        142.11233038517415
                    ],
                    [
                        164.3216247630869,
                        142.11233038517415
                    ],
                    [
                        174.3216247630869,
                        142.11233038517415
                    ]
                ]
            }
        }
    }
}