{
    "styles": {
        "Regular-No-IF_OWN_ICON_EXISTS": {
            "nodes": {
                "_fun_moment_arm": [
                    10.736244201660156,
                    0.0
                ],
                "_fun_moment_demand": [
                    0.0,
                    45.93108877028058
                ],
                "_fun_section_width": [
                    8.881256103515625,
                    91.86217754056119
                ],
                "_res_rebar_carbon": [
                    143.07126363600324,
                    88.78893738515721
                ],
                "_fun_moment_arm/_extrar-moment_arm": [
                    174.3216247630869,
                    3.073240155403968
                ],
                "_fun_moment_demand/_extrar-moment_demand": [
                    174.3216247630869,
                    49.00432892568456
                ],
                "_fun_section_width/_extrar-section_width": [
                    174.3216247630869,
                    94.93541769596516
                ],
                "_res_rebar_carbon/_extraf-rebar_carbon": [
                    42.37063853186881,
                    91.86217754056118
                ],
                "_fun_rebar_total_area": [
                    0.04581451416015625,
                    131.64678600003384
                ],
                "_fun_rebar_total_area/_extrar-rebar_total_area": [
                    174.3216247630869,
                    134.7200261554378
                ],
                "_fun_total_rebar_area": [
                    2.981048583984375,
                    131.64678600003384
                ],
                "_fun_total_rebar_area/_extrar-total_rebar_area": [
                    174.3216247630869,
                    134.7200261554378
                ]
            },
            "edges": {
                "_fun_moment_arm/_extrar-moment_arm-edge-0": [
                    [
                        90.77159373206413,
                        10.516147107308264
                    ],
                    [
                        100.77159373206413,
                        10.516147107308264
                    ],
                    [
                        132.54660924757553,
                        10.516147107308264
                    ],
                    [
                        132.54660924757553,
                        10.500962323372718
                    ],
                    [
                        164.3216247630869,
                        10.500962323372718
                    ],
                    [
                        174.3216247630869,
                        10.500962323372718
                    ]
                ],
                "_fun_moment_demand/_extrar-moment_demand-edge-0": [
                    [
                        103.2028605167321,
                        56.44723587758884
                    ],
                    [
                        113.2028605167321,
                        56.44723587758884
                    ],
                    [
                        138.76224263990952,
                        56.44723587758884
                    ],
                    [
                        138.76224263990952,
                        56.432051093653314
                    ],
                    [
                        164.3216247630869,
                        56.432051093653314
                    ],
                    [
                        174.3216247630869,
                        56.432051093653314
                    ]
                ],
                "_fun_section_width/_extrar-section_width-edge-0": [
                    [
                        86.42858378333366,
                        102.32772192570148
                    ],
                    [
                        96.42858378333366,
                        102.32772192570148
                    ],
                    [
                        130.3751042732103,
                        102.32772192570148
                    ],
                    [
                        130.3751042732103,
                        102.32772192570148
                    ],
                    [
                        164.3216247630869,
                        102.32772192570148
                    ],
                    [
                        174.3216247630869,
                        102.32772192570148
                    ]
                ],
                "_res_rebar_carbon/_extraf-rebar_carbon-edge-0": [
                    [
                        60.79481760901725,
                        99.28989970852993
                    ],
                    [
                        70.79481760901726,
                        99.28989970852993
                    ],
                    [
                        103.31375249708724,
                        99.28989970852993
                    ],
                    [
                        103.31375249708724,
                        99.30508449246547
                    ],
                    [
                        135.83268738515721,
                        99.30508449246547
                    ],
                    [
                        145.83268738515721,
                        99.30508449246547
                    ]
                ],
                "_fun_rebar_total_area/_extrar-rebar_total_area-edge-0": [
                    [
                        95.26402537268913,
                        142.11233038517415
                    ],
                    [
                        105.26402537268913,
                        142.11233038517415
                    ],
                    [
                        134.79282506788803,
                        142.11233038517415
                    ],
                    [
                        134.79282506788803,
                        142.11233038517415
                    ],
                    [
                        164.3216247630869,
                        142.11233038517415
                    ],
                    [
                        174.3216247630869,
                        142.11233038517415
                    ]
                ],
                "_fun_total_rebar_area/_extrar-total_rebar_area-edge-0": [
                    [
                        98.19925944251335,
                        142.16293310734213
                    ],
                    [
                        108.19925944251335,
                        142.16293310734213
                    ],
                    [
                        136.26044210280014,
                        142.16293310734213
                    ],
                    [
                        136.26044210280014,
                        142.14774832340655
                    ],
                    [
                        164.3216247630869,
                        142.14774832340655
                    ],
                    [
                        174.3216247630869,
                        142.14774832340655
                    ]
                ]
            }
        }
    }
}