{
    "styles": {
        "Regular-No-IF_OWN_ICON_EXISTS": {
            "nodes": {
                "_fun_applied_load": [
                    125.40411275131495,
                    296.10774739486965
                ],
                "_fun_element_length": [
                    118.74236958725245,
                    342.0388361651502
                ],
                "_res_carbon": [
                    311.8509857206645,
                    384.8966847800269
                ],
                "demand_dp": [
                    69.07273101806639,
                    0.0
                ],
                "moment_dp": [
                    58.32998657226561,
                    116.74612960815425
                ],
                "_fun_applied_load/_extrar-applied_load": [
                    326.0808848116153,
                    299.1809875502736
                ],
                "_fun_element_length/_extrar-element_length": [
                    326.0808848116153,
                    345.1120763205542
                ],
                "_res_carbon/_extraf-carbon": [
                    155.9254928603322,
                    387.96992493543087
                ],
                "demand_dp/_extraf-applied_load": [
                    0.0,
                    20.688728333964946
                ],
                "demand_dp/_extraf-element_length": [
                    0.0,
                    60.473336793437625
                ],
                "demand_dp/_extrar-moment_demand": [
                    326.0808848116153,
                    20.688728333964946
                ],
                "demand_dp/_extrar-shear_demand": [
                    326.0808848116153,
                    60.473336793437625
                ],
                "moment_dp/_extraf-moment_demand": [
                    0.0,
                    179.82716217185563
                ],
                "moment_dp/_extrar-section_width": [
                    326.0808848116153,
                    100.2579452529103
                ],
                "moment_dp/_extrar-compression_depth": [
                    326.0808848116153,
                    140.04255371238298
                ],
                "moment_dp/_extrar-concrete_strength": [
                    326.0808848116153,
                    179.82716217185563
                ],
                "moment_dp/_extrar-total_rebar_area": [
                    326.0808848116153,
                    219.61177063132828
                ],
                "moment_dp/_extrar-moment_arm": [
                    326.0808848116153,
                    259.39637909080096
                ]
            },
            "edges": {
                "_fun_applied_load/_extrar-applied_load-edge-0": [
                    [
                        197.01543579246112,
                        306.5732917800099
                    ],
                    [
                        207.01543579246112,
                        306.5732917800099
                    ],
                    [
                        204.0808848116153,
                        306.5732917800099
                    ],
                    [
                        204.0808848116153,
                        306.5732917800099
                    ],
                    [
                        316.0808848116153,
                        306.5732917800099
                    ],
                    [
                        326.0808848116153,
                        306.5732917800099
                    ]
                ],
                "_fun_element_length/_extrar-element_length-edge-0": [
                    [
                        203.67717895652362,
                        352.5043805502905
                    ],
                    [
                        213.67717895652362,
                        352.5043805502905
                    ],
                    [
                        212.0808848116153,
                        352.5043805502905
                    ],
                    [
                        212.0808848116153,
                        352.5043805502905
                    ],
                    [
                        316.0808848116153,
                        352.5043805502905
                    ],
                    [
                        326.0808848116153,
                        352.50438055029053
                    ]
                ],
                "_res_carbon/_extraf-carbon-edge-0": [
                    [
                        169.25547943259784,
                        395.3622291651672
                    ],
                    [
                        179.25547943259784,
                        395.3622291651672
                    ],
                    [
                        241.93394445120813,
                        395.3622291651672
                    ],
                    [
                        241.93394445120813,
                        395.36222916516715
                    ],
                    [
                        304.61240946981843,
                        395.36222916516715
                    ],
                    [
                        314.61240946981843,
                        395.36222916516715
                    ]
                ],
                "demand_dp/_extraf-applied_load-edge-0": [
                    [
                        13.329986572265625,
                        28.081032563701275
                    ],
                    [
                        23.329986572265625,
                        28.081032563701275
                    ],
                    [
                        42.27978591991221,
                        28.081032563701275
                    ],
                    [
                        42.27978591991221,
                        40.47333679343769
                    ],
                    [
                        61.22958526755879,
                        40.47333679343769
                    ],
                    [
                        71.22958526755879,
                        40.47333679343769
                    ]
                ],
                "demand_dp/_extraf-element_length-edge-0": [
                    [
                        13.329986572265625,
                        67.86564102317395
                    ],
                    [
                        23.329986572265625,
                        67.86564102317395
                    ],
                    [
                        42.27978591991221,
                        67.86564102317395
                    ],
                    [
                        42.27978591991221,
                        55.47333679343769
                    ],
                    [
                        61.22958526755879,
                        55.47333679343769
                    ],
                    [
                        71.22958526755879,
                        55.47333679343769
                    ]
                ],
                "demand_dp/_extrar-moment_demand-edge-0": [
                    [
                        253.95138702537128,
                        40.47333679343769
                    ],
                    [
                        263.9513870253713,
                        40.47333679343769
                    ],
                    [
                        263.9513870253713,
                        40.47333679343769
                    ],
                    [
                        263.9513870253713,
                        28.081032563701275
                    ],
                    [
                        316.0808848116153,
                        28.081032563701275
                    ],
                    [
                        326.0808848116153,
                        28.081032563701275
                    ]
                ],